{"cameraMode":{"drawMode":0,"name":"Shaded","section":"Shading Mode"},"sceneLighting":false,"audioPlay":false,"sceneViewState":{"m_AlwaysRefresh":false,"showFog":true,"showSkybox":true,"showFlares":true,"showImageEffects":true,"showParticleSystems":true,"showVisualEffectGraphs":true,"m_FxEnabled":true},"in2DMode":false,"pivot":{"x":2.554243803024292,"y":0.11003683507442475,"z":-3.1043384075164797},"rotation":{"x":-0.07627038657665253,"y":0.31222081184387209,"z":-0.025157898664474489,"w":-0.9466170072555542},"size":1.459888219833374,"orthographic":false}