{"cameraMode":{"drawMode":0,"name":"Shaded","section":"Shading Mode"},"sceneLighting":false,"audioPlay":false,"sceneViewState":{"m_AlwaysRefresh":false,"showFog":true,"showSkybox":false,"showFlares":true,"showImageEffects":true,"showParticleSystems":true,"showVisualEffectGraphs":true,"m_FxEnabled":true},"in2DMode":false,"pivot":{"x":-0.05651372671127319,"y":0.44721370935440066,"z":4.936686038970947},"rotation":{"x":0.020268509164452554,"y":-0.711728036403656,"z":0.02047387883067131,"w":0.7020334601402283},"size":1.0248404741287232,"orthographic":false}