{"cameraMode":{"drawMode":0,"name":"Shaded","section":"Shading Mode"},"sceneLighting":false,"audioPlay":false,"sceneViewState":{"m_AlwaysRefresh":false,"showFog":true,"showSkybox":true,"showFlares":true,"showImageEffects":true,"showParticleSystems":true,"showVisualEffectGraphs":true,"m_FxEnabled":true},"in2DMode":false,"pivot":{"x":0.3429824411869049,"y":1.5609400272369385,"z":1.9033749103546143},"rotation":{"x":0.0775051936507225,"y":0.784406840801239,"z":-0.10005799680948258,"w":0.6072633266448975},"size":2.0021681785583498,"orthographic":false}