{"cameraMode":{"drawMode":0,"name":"Shaded","section":"Shading Mode"},"sceneLighting":false,"audioPlay":false,"sceneViewState":{"m_AlwaysRefresh":false,"showFog":true,"showSkybox":true,"showFlares":true,"showImageEffects":true,"showParticleSystems":true,"showVisualEffectGraphs":true,"m_FxEnabled":true},"in2DMode":false,"pivot":{"x":1.5340867042541505,"y":1.0834988355636597,"z":0.11526194959878922},"rotation":{"x":0.028374776244163514,"y":0.9302597045898438,"z":-0.07353658229112625,"w":0.3584520220756531},"size":2.155334234237671,"orthographic":false}