{"cameraMode":{"drawMode":0,"name":"Shaded","section":"Shading Mode"},"sceneLighting":false,"audioPlay":false,"sceneViewState":{"m_AlwaysRefresh":false,"showFog":true,"showSkybox":true,"showFlares":true,"showImageEffects":true,"showParticleSystems":true,"showVisualEffectGraphs":true,"m_FxEnabled":true},"in2DMode":false,"pivot":{"x":-0.07439565658569336,"y":0.9679898023605347,"z":-0.04605293273925781},"rotation":{"x":-0.0632782131433487,"y":0.7761867642402649,"z":-0.07901716977357865,"w":-0.6224186420440674},"size":3.768129825592041,"orthographic":false}