{"cameraMode":{"drawMode":0,"name":"Shaded","section":"Shading Mode"},"sceneLighting":false,"audioPlay":false,"sceneViewState":{"m_AlwaysRefresh":false,"showFog":true,"showSkybox":false,"showFlares":true,"showImageEffects":true,"showParticleSystems":true,"showVisualEffectGraphs":true,"m_FxEnabled":true},"in2DMode":false,"pivot":{"x":0.0237312912940979,"y":0.31052500009536745,"z":3.1854465007781984},"rotation":{"x":0.020268509164452554,"y":-0.711728036403656,"z":0.02047387883067131,"w":0.7020334601402283},"size":0.8966143727302551,"orthographic":false}