{"cameraMode":{"drawMode":0,"name":"Shaded","section":"Shading Mode"},"sceneLighting":false,"audioPlay":false,"sceneViewState":{"m_AlwaysRefresh":false,"showFog":true,"showSkybox":true,"showFlares":true,"showImageEffects":true,"showParticleSystems":true,"showVisualEffectGraphs":true,"m_FxEnabled":true},"in2DMode":false,"pivot":{"x":0.1296975314617157,"y":0.08348114788532257,"z":0.11004794389009476},"rotation":{"x":0.1732998937368393,"y":0.599334716796875,"z":-0.1348811686038971,"w":0.7698346972465515},"size":0.5355449914932251,"orthographic":false}