{"cameraMode":{"drawMode":0,"name":"Shaded","section":"Shading Mode"},"sceneLighting":false,"audioPlay":false,"sceneViewState":{"m_AlwaysRefresh":false,"showFog":true,"showSkybox":true,"showFlares":true,"showImageEffects":true,"showParticleSystems":true,"showVisualEffectGraphs":true,"m_FxEnabled":true},"in2DMode":false,"pivot":{"x":0.19072818756103517,"y":6.059976100921631,"z":-0.21190404891967774},"rotation":{"x":-0.09528307616710663,"y":0.7692897915840149,"z":-0.11819522827863693,"w":-0.6206929683685303},"size":10.106825828552246,"orthographic":false}