{"cameraMode":{"drawMode":0,"name":"Shaded","section":"Shading Mode"},"sceneLighting":false,"audioPlay":false,"sceneViewState":{"m_AlwaysRefresh":false,"showFog":true,"showSkybox":true,"showFlares":true,"showImageEffects":true,"showParticleSystems":true,"showVisualEffectGraphs":true,"m_FxEnabled":true},"in2DMode":false,"pivot":{"x":7.66348934173584,"y":0.4590829312801361,"z":7.061834335327148},"rotation":{"x":0.09515714645385742,"y":0.051095232367515567,"z":-0.004645032808184624,"w":0.9942798614501953},"size":0.8660253882408142,"orthographic":false}