{"cameraMode":{"drawMode":0,"name":"Shaded","section":"Shading Mode"},"sceneLighting":false,"audioPlay":false,"sceneViewState":{"m_AlwaysRefresh":false,"showFog":true,"showSkybox":true,"showFlares":true,"showImageEffects":true,"showParticleSystems":true,"showVisualEffectGraphs":true,"m_FxEnabled":true},"in2DMode":false,"pivot":{"x":-0.005793094635009766,"y":7.741594314575195,"z":0.3994889259338379},"rotation":{"x":-0.05242866650223732,"y":0.618385910987854,"z":-0.04148048534989357,"w":-0.783103346824646},"size":11.967672348022461,"orthographic":false}