{"cameraMode":{"drawMode":0,"name":"Shaded","section":"Shading Mode"},"sceneLighting":false,"audioPlay":false,"sceneViewState":{"m_AlwaysRefresh":false,"showFog":true,"showSkybox":true,"showFlares":true,"showImageEffects":true,"showParticleSystems":true,"showVisualEffectGraphs":true,"m_FxEnabled":true},"in2DMode":false,"pivot":{"x":-0.26172947883605959,"y":4.125919342041016,"z":0.08529233932495117},"rotation":{"x":-0.09528307616710663,"y":0.7692897915840149,"z":-0.11819522827863693,"w":-0.6206929683685303},"size":5.216963768005371,"orthographic":false}