{"cameraMode":{"drawMode":0,"name":"Shaded","section":"Shading Mode"},"sceneLighting":false,"audioPlay":false,"sceneViewState":{"m_AlwaysRefresh":false,"showFog":true,"showSkybox":true,"showFlares":true,"showImageEffects":true,"showParticleSystems":true,"showVisualEffectGraphs":true,"m_FxEnabled":true},"in2DMode":false,"pivot":{"x":0.31586170196533205,"y":1.0267003774642945,"z":-0.07350718975067139},"rotation":{"x":-0.06383797526359558,"y":-0.8687223196029663,"z":0.11615476757287979,"w":-0.477712482213974},"size":1.2555456161499024,"orthographic":false}