{"cameraMode":{"drawMode":0,"name":"Shaded","section":"Shading Mode"},"sceneLighting":true,"audioPlay":false,"sceneViewState":{"m_AlwaysRefresh":false,"showFog":true,"showSkybox":true,"showFlares":true,"showImageEffects":true,"showParticleSystems":true,"showVisualEffectGraphs":true,"m_FxEnabled":true},"in2DMode":false,"pivot":{"x":-43.279151916503909,"y":-26.445981979370118,"z":13.863853454589844},"rotation":{"x":-0.18940861523151399,"y":0.6551647186279297,"z":-0.17448461055755616,"w":-0.7105498909950256},"size":35.420997619628909,"orthographic":false}