{"cameraMode":{"drawMode":0,"name":"Shaded","section":"Shading Mode"},"sceneLighting":false,"audioPlay":false,"sceneViewState":{"m_AlwaysRefresh":false,"showFog":true,"showSkybox":true,"showFlares":true,"showImageEffects":true,"showParticleSystems":true,"showVisualEffectGraphs":true,"m_FxEnabled":true},"in2DMode":false,"pivot":{"x":0.02392721176147461,"y":1.1406135559082032,"z":-0.18242907524108888},"rotation":{"x":0.1732998937368393,"y":0.599334716796875,"z":-0.1348811686038971,"w":0.7698346972465515},"size":2.5465517044067385,"orthographic":false}