{"cameraMode":{"drawMode":0,"name":"Shaded","section":"Shading Mode"},"sceneLighting":false,"audioPlay":false,"sceneViewState":{"m_AlwaysRefresh":false,"showFog":true,"showSkybox":true,"showFlares":true,"showImageEffects":true,"showParticleSystems":true,"showVisualEffectGraphs":true,"m_FxEnabled":true},"in2DMode":false,"pivot":{"x":0.584775447845459,"y":7.416909217834473,"z":-0.31589174270629885},"rotation":{"x":-0.09528307616710663,"y":0.7692897915840149,"z":-0.11819522827863693,"w":-0.6206929683685303},"size":11.986804008483887,"orthographic":false}