{"cameraMode":{"drawMode":0,"name":"Shaded","section":"Shading Mode"},"sceneLighting":false,"audioPlay":false,"sceneViewState":{"m_AlwaysRefresh":false,"showFog":true,"showSkybox":false,"showFlares":true,"showImageEffects":true,"showParticleSystems":true,"showVisualEffectGraphs":true,"m_FxEnabled":true},"in2DMode":false,"pivot":{"x":-3.070570945739746,"y":3.4263930320739748,"z":7.491111755371094},"rotation":{"x":0.05530408024787903,"y":0.4542601704597473,"z":0.028169404715299608,"w":-0.8887908458709717},"size":5.0132622718811039,"orthographic":false}