{"cameraMode":{"drawMode":0,"name":"Shaded","section":"Shading Mode"},"sceneLighting":false,"audioPlay":false,"sceneViewState":{"m_AlwaysRefresh":false,"showFog":true,"showSkybox":true,"showFlares":true,"showImageEffects":true,"showParticleSystems":true,"showVisualEffectGraphs":true,"m_FxEnabled":true},"in2DMode":false,"pivot":{"x":-0.04196000099182129,"y":0.3671800494194031,"z":0.013128221035003662},"rotation":{"x":-0.1689278781414032,"y":-0.5984950065612793,"z":0.13094817101955415,"w":-0.7720978260040283},"size":0.9462780952453613,"orthographic":false}