{"cameraMode":{"drawMode":0,"name":"Shaded","section":"Shading Mode"},"sceneLighting":false,"audioPlay":false,"sceneViewState":{"m_AlwaysRefresh":false,"showFog":true,"showSkybox":true,"showFlares":true,"showImageEffects":true,"showParticleSystems":true,"showVisualEffectGraphs":true,"m_FxEnabled":true},"in2DMode":false,"pivot":{"x":0.04424954950809479,"y":0.13905489444732667,"z":-0.126733660697937},"rotation":{"x":0.09540043026208878,"y":0.1715877652168274,"z":-0.01636013388633728,"w":0.9808053970336914},"size":0.1752687692642212,"orthographic":false}