{"cameraMode":{"drawMode":0,"name":"Shaded","section":"Shading Mode"},"sceneLighting":false,"audioPlay":false,"sceneViewState":{"m_AlwaysRefresh":false,"showFog":true,"showSkybox":false,"showFlares":true,"showImageEffects":true,"showParticleSystems":true,"showVisualEffectGraphs":true,"m_FxEnabled":true},"in2DMode":false,"pivot":{"x":0.0008634328842163086,"y":0.3736477792263031,"z":1.7581778764724732},"rotation":{"x":0.020268509164452554,"y":-0.711728036403656,"z":0.02047387883067131,"w":0.7020334601402283},"size":1.1154674291610718,"orthographic":false}