{"cameraMode":{"drawMode":0,"name":"Shaded","section":"Shading Mode"},"sceneLighting":false,"audioPlay":false,"sceneViewState":{"m_AlwaysRefresh":false,"showFog":true,"showSkybox":true,"showFlares":true,"showImageEffects":true,"showParticleSystems":true,"showVisualEffectGraphs":true,"m_FxEnabled":true},"in2DMode":false,"pivot":{"x":0.005448102951049805,"y":0.20751772820949555,"z":-0.011886537075042725},"rotation":{"x":-0.1689278781414032,"y":-0.5984950065612793,"z":0.13094817101955415,"w":-0.7720978260040283},"size":0.5217575430870056,"orthographic":false}