{"cameraMode":{"drawMode":0,"name":"Shaded","section":"Shading Mode"},"sceneLighting":false,"audioPlay":false,"sceneViewState":{"m_AlwaysRefresh":false,"showFog":true,"showSkybox":true,"showFlares":true,"showImageEffects":true,"showParticleSystems":true,"showVisualEffectGraphs":true,"m_FxEnabled":true},"in2DMode":false,"pivot":{"x":-0.2302243709564209,"y":2.474576473236084,"z":0.04359269142150879},"rotation":{"x":-0.10117167979478836,"y":0.23843294382095338,"z":-0.024982580915093423,"w":-0.9655667543411255},"size":6.1005144119262699,"orthographic":false}