{"cameraMode":{"drawMode":0,"name":"Shaded","section":"Shading Mode"},"sceneLighting":false,"audioPlay":false,"sceneViewState":{"m_AlwaysRefresh":false,"showFog":true,"showSkybox":true,"showFlares":true,"showImageEffects":true,"showParticleSystems":true,"showVisualEffectGraphs":true,"m_FxEnabled":true},"in2DMode":false,"pivot":{"x":-1.5885761976242066,"y":1.5102660655975342,"z":-5.11316442489624},"rotation":{"x":0.08155728131532669,"y":-0.32566842436790469,"z":0.028194429352879525,"w":0.9415649175643921},"size":1.6437602043151856,"orthographic":false}