{"cameraMode":{"drawMode":0,"name":"Shaded","section":"Shading Mode"},"sceneLighting":false,"audioPlay":false,"sceneViewState":{"m_AlwaysRefresh":false,"showFog":true,"showSkybox":false,"showFlares":true,"showImageEffects":true,"showParticleSystems":true,"showVisualEffectGraphs":true,"m_FxEnabled":true},"in2DMode":false,"pivot":{"x":-8.791889190673829,"y":0.2325100302696228,"z":1.6364212036132813},"rotation":{"x":0.004432463087141514,"y":-0.718300461769104,"z":0.004492530599236488,"w":0.695875346660614},"size":0.4838290214538574,"orthographic":false}