{"cameraMode":{"drawMode":0,"name":"Shaded","section":"Shading Mode"},"sceneLighting":false,"audioPlay":false,"sceneViewState":{"m_AlwaysRefresh":false,"showFog":true,"showSkybox":true,"showFlares":true,"showImageEffects":true,"showParticleSystems":true,"showVisualEffectGraphs":true,"m_FxEnabled":true},"in2DMode":false,"pivot":{"x":0.01471477746963501,"y":0.2540493905544281,"z":-0.015021681785583496},"rotation":{"x":0.14661826193332673,"y":0.7996771931648254,"z":-0.2169201672077179,"w":0.5404096841812134},"size":0.7241312265396118,"orthographic":false}