{"cameraMode":{"drawMode":0,"name":"Shaded","section":"Shading Mode"},"sceneLighting":false,"audioPlay":false,"sceneViewState":{"m_AlwaysRefresh":false,"showFog":true,"showSkybox":true,"showFlares":true,"showImageEffects":true,"showParticleSystems":true,"showVisualEffectGraphs":true,"m_FxEnabled":true},"in2DMode":false,"pivot":{"x":0.5701196789741516,"y":1.511500358581543,"z":2.4361138343811037},"rotation":{"x":0.08239497989416123,"y":0.15075361728668214,"z":-0.01235963311046362,"w":0.9851957559585571},"size":0.8660253882408142,"orthographic":false}