{"cameraMode":{"drawMode":0,"name":"Shaded","section":"Shading Mode"},"sceneLighting":false,"audioPlay":false,"sceneViewState":{"m_AlwaysRefresh":false,"showFog":true,"showSkybox":true,"showFlares":true,"showImageEffects":true,"showParticleSystems":true,"showVisualEffectGraphs":true,"m_FxEnabled":true},"in2DMode":false,"pivot":{"x":1.743678092956543,"y":0.7147752642631531,"z":-2.6747024059295656},"rotation":{"x":0.006165809463709593,"y":0.9827125668525696,"z":-0.03332749381661415,"w":0.18217067420482636},"size":3.5122039318084719,"orthographic":false}