{"cameraMode":{"drawMode":0,"name":"Shaded","section":"Shading Mode"},"sceneLighting":false,"audioPlay":false,"sceneViewState":{"m_AlwaysRefresh":false,"showFog":true,"showSkybox":true,"showFlares":true,"showImageEffects":true,"showParticleSystems":true,"showVisualEffectGraphs":true,"m_FxEnabled":true},"in2DMode":false,"pivot":{"x":0.6028094291687012,"y":5.7253828048706059,"z":-3.672621726989746},"rotation":{"x":0.007479430641978979,"y":-0.9928016066551209,"z":-0.10218796879053116,"w":-0.06882860511541367},"size":5.835572242736816,"orthographic":false}