{"cameraMode":{"drawMode":0,"name":"Shaded","section":"Shading Mode"},"sceneLighting":false,"audioPlay":false,"sceneViewState":{"m_AlwaysRefresh":false,"showFog":true,"showSkybox":true,"showFlares":true,"showImageEffects":true,"showParticleSystems":true,"showVisualEffectGraphs":true,"m_FxEnabled":true},"in2DMode":false,"pivot":{"x":0.04100143909454346,"y":0.320591539144516,"z":-0.023360490798950197},"rotation":{"x":-0.2942401170730591,"y":0.3763425350189209,"z":-0.12739720940589906,"w":-0.8692363500595093},"size":1.7375272512435914,"orthographic":false}