{"cameraMode":{"drawMode":0,"name":"Shaded","section":"Shading Mode"},"sceneLighting":false,"audioPlay":false,"sceneViewState":{"m_AlwaysRefresh":false,"showFog":true,"showSkybox":true,"showFlares":true,"showImageEffects":true,"showParticleSystems":true,"showVisualEffectGraphs":true,"m_FxEnabled":true},"in2DMode":false,"pivot":{"x":-0.022318720817565919,"y":0.29039692878723147,"z":-0.013815879821777344},"rotation":{"x":-0.0632782131433487,"y":0.7761867642402649,"z":-0.07901716977357865,"w":-0.6224186420440674},"size":1.130439043045044,"orthographic":false}