{"cameraMode":{"drawMode":0,"name":"Shaded","section":"Shading Mode"},"sceneLighting":false,"audioPlay":false,"sceneViewState":{"m_AlwaysRefresh":false,"showFog":true,"showSkybox":true,"showFlares":true,"showImageEffects":true,"showParticleSystems":true,"showVisualEffectGraphs":true,"m_FxEnabled":true},"in2DMode":false,"pivot":{"x":-0.0580897331237793,"y":3.502315044403076,"z":-0.10817265510559082},"rotation":{"x":-0.007965194061398507,"y":-0.9918791651725769,"z":0.08146242052316666,"w":-0.10181447863578797},"size":7.486359596252441,"orthographic":false}