{"cameraMode":{"drawMode":0,"name":"Shaded","section":"Shading Mode"},"sceneLighting":false,"audioPlay":false,"sceneViewState":{"m_AlwaysRefresh":false,"showFog":true,"showSkybox":true,"showFlares":true,"showImageEffects":true,"showParticleSystems":true,"showVisualEffectGraphs":true,"m_FxEnabled":true},"in2DMode":false,"pivot":{"x":-0.12302231788635254,"y":3.657606601715088,"z":0.1692216396331787},"rotation":{"x":-0.10117167979478836,"y":0.23843294382095338,"z":-0.024982580915093423,"w":-0.9655667543411255},"size":6.599836826324463,"orthographic":false}